date,week,distributor,mpn,manufacturer_returned,dist_pn,price_1,price_1k,stock,lead_weeks,status
2026-10-04,2026-09-28,digikey,TPS54331DR,Texas Instruments,296-26991-6-ND,1.62,0.85986,14731,12.0,Active
2026-10-04,2026-09-28,digikey,TPS5430DDAR,Texas Instruments,296-26988-6-ND,4.46,2.66984,,20.0,Active
2026-10-04,2026-09-28,digikey,TPS62130RGTR,Texas Instruments,296-37682-6-ND,1.99,1.08172,,20.0,Active
2026-10-04,2026-09-28,digikey,TPS563200DDCR,Texas Instruments,296-43663-6-ND,1.09,0.54927,5517,20.0,Active
2026-10-04,2026-09-28,digikey,TPS54202DDCR,Texas Instruments,296-TPS54202DDCRDKR-ND,1.44,0.75276,,20.0,Active
2026-10-04,2026-09-28,digikey,TPS61023DRLR,Texas Instruments,296-TPS61023DRLRDKR-ND,1.11,0.56119,17997,20.0,Active
2026-10-04,2026-09-28,digikey,TPS7A4700RGWR,Texas Instruments,296-39503-6-ND,5.95,3.67964,,20.0,Active
2026-10-04,2026-09-28,digikey,TLV1117-33IDCYR,Texas Instruments,296-21113-6-ND,0.46,0.21042,16606,20.0,Active
2026-10-04,2026-09-28,digikey,LM317DCYR,Texas Instruments,296-12602-6-ND,0.84,0.40571,20764,20.0,Active
2026-10-04,2026-09-28,digikey,TLV70033DDCR,Texas Instruments,296-27937-6-ND,0.25,0.10667,8290,20.0,Active
2026-10-04,2026-09-28,digikey,TPS73733DCQR,Texas Instruments,296-22681-6-ND,1.82,0.97308,14607,20.0,Active
2026-10-04,2026-09-28,digikey,LM2596S-5.0/NOPB,Texas Instruments,LM2596S-5.0/NOPB-ND,7.83,4.73224,5736,20.0,Active
2026-10-04,2026-09-28,digikey,TPS2113APWR,Texas Instruments,296-16938-6-ND,2.96,1.68606,2000,12.0,Active
2026-10-04,2026-09-28,digikey,LM5164DDAR,Texas Instruments,296-LM5164DDARDKR-ND,4.19,2.48624,,20.0,Active
2026-10-04,2026-09-28,digikey,TPS22918DBVR,Texas Instruments,296-46278-6-ND,0.59,0.27398,8166,20.0,Active
2026-10-04,2026-09-28,digikey,LM74700QDBVRQ1,Texas Instruments,296-LM74700QDBVRQ1DKR-ND,2.12,1.15974,,20.0,Active
2026-10-04,2026-09-28,digikey,UCC28C43DR,Texas Instruments,296-27164-6-ND,1.2,0.61047,,20.0,Active
2026-10-04,2026-09-28,digikey,TL431AIDBZR,Texas Instruments,296-17329-6-ND,0.29,0.12531,38,12.0,Active
2026-10-04,2026-09-28,digikey,REF3030AIDBZR,Texas Instruments,296-26323-6-ND,1.29,0.66417,21502,20.0,Active
2026-10-04,2026-09-28,digikey,REF5025AIDR,Texas Instruments,296-39165-6-ND,4.38,2.44953,812,20.0,Active
2026-10-04,2026-09-28,digikey,LM358DR,Texas Instruments,296-LM358DRDKR-ND,0.27,0.11651,98948,20.0,Active
2026-10-04,2026-09-28,digikey,LM2904DR,Texas Instruments,296-LM2904DRDKR-ND,0.26,0.11454,36641,20.0,Active
2026-10-04,2026-09-28,digikey,TLV9062IDR,Texas Instruments,296-47857-6-ND,1.1,0.55233,7840,20.0,Active
2026-10-04,2026-09-28,digikey,OPA2333AIDR,UMW,4518-OPA2333AIDRDKR-ND,0.79,0.3833,,8.0,Active
2026-10-04,2026-09-28,digikey,OPA333AIDBVR,Texas Instruments,296-26269-6-ND,2.6,1.46116,3416,20.0,Active
2026-10-04,2026-09-28,digikey,OPA376AIDBVR,Texas Instruments,296-39130-6-ND,2.03,1.1062,,20.0,Active
2026-10-04,2026-09-28,digikey,TLV9001IDCKR,Texas Instruments,296-TLV9001IDCKRDKR-ND,0.4,0.18246,278,12.0,Active
2026-10-04,2026-09-28,digikey,LMV321IDBVR,Texas Instruments,296-9567-6-ND,0.4,0.17869,35891,20.0,Active
2026-10-04,2026-09-28,digikey,INA219AIDCNR,Texas Instruments,296-23770-6-ND,2.25,1.1628,44586,20.0,Active
2026-10-04,2026-09-28,digikey,INA226AIDGSR,Texas Instruments,296-29034-6-ND,2.82,1.49634,75089,20.0,Active
2026-10-04,2026-09-28,digikey,INA240A1PWR,Texas Instruments,296-45088-6-ND,3.33,1.92628,,20.0,Active
2026-10-04,2026-09-28,digikey,LM393DR,Texas Instruments,296-1015-6-ND,0.23,0.09753,7189,20.0,Active
2026-10-04,2026-09-28,digikey,LM339DR,UMW,4518-LM339DRDKR-ND,0.2,0.08197,,8.0,Active
2026-10-04,2026-09-28,digikey,TLV3201AIDBVR,Texas Instruments,296-36750-6-ND,1.41,0.73593,,20.0,Active
2026-10-04,2026-09-28,digikey,NE555DR,Texas Instruments,296-6501-6-ND,0.33,0.14804,202677,20.0,Active
2026-10-04,2026-09-28,digikey,ADS1115IDGSR,Texas Instruments,296-38849-6-ND,5.28,3.2176,40199,20.0,Active
2026-10-04,2026-09-28,digikey,ADS1015IDGSR,Texas Instruments,296-41185-6-ND,3.27,1.88506,6107,12.0,Active
2026-10-04,2026-09-28,digikey,ADS1220IPWR,Texas Instruments,296-39851-6-ND,9.26,6.0022,642,20.0,Active
2026-10-04,2026-09-28,digikey,DAC8551IADGKR,Texas Instruments,296-49164-6-ND,6.77,4.24116,3205,12.0,Active
2026-10-04,2026-09-28,digikey,SN65HVD230DR,Texas Instruments,296-11654-6-ND,2.83,1.6065,,12.0,Active
2026-10-04,2026-09-28,digikey,SN65HVD3082EDR,Texas Instruments,296-31719-6-ND,1.17,0.59211,2334,20.0,Active
2026-10-04,2026-09-28,digikey,THVD1450DR,Texas Instruments,296-50395-6-ND,2.04,1.11384,,20.0,Active
2026-10-04,2026-09-28,digikey,MAX3232IDR,Texas Instruments,,,,,55.0,Obsolete
2026-10-04,2026-09-28,digikey,TXS0108EPWR,Texas Instruments,296-23011-6-ND,1.72,0.94708,62672,20.0,Active
2026-10-04,2026-09-28,digikey,TXB0104PWR,Texas Instruments,296-21929-6-ND,1.17,0.612,,20.0,Active
2026-10-04,2026-09-28,digikey,TCA9548APWR,Texas Instruments,296-34905-6-ND,1.49,0.80936,,20.0,Active
2026-10-04,2026-09-28,digikey,PCA9306DCTR,Texas Instruments,296-18509-6-ND,0.69,0.33813,,20.0,Active
2026-10-04,2026-09-28,digikey,TPD4E05U06DQAR,Texas Instruments,296-35765-6-ND,0.82,0.24908,340367,12.0,Active
2026-10-04,2026-09-28,digikey,ISO7741DWR,Texas Instruments,296-47781-6-ND,3.56,2.07316,4817,20.0,Active
2026-10-04,2026-09-28,digikey,ISO7721DR,Texas Instruments,296-48296-6-ND,2.23,1.22298,679,20.0,Active
2026-10-04,2026-09-28,digikey,ISO1050DUBR,Texas Instruments,296-24818-2-ND,3.19,1.77529,,20.0,Active
2026-10-04,2026-09-28,digikey,UCC21520DWR,Texas Instruments,296-47383-6-ND,4.76,2.86876,1066,20.0,Active
2026-10-04,2026-09-28,digikey,UCC27517DBVR,UMW,4518-UCC27517DBVRDKR-ND,0.57,0.26446,,8.0,Active
2026-10-04,2026-09-28,digikey,SN74LVC1G08DBVR,Texas Instruments,296-11601-6-ND,0.12,0.04861,169561,20.0,Active
2026-10-04,2026-09-28,digikey,SN74HC595DR,Texas Instruments,296-14857-6-ND,0.61,0.29223,18,20.0,Active
2026-10-04,2026-09-28,digikey,SN74LVC245APWR,Texas Instruments,296-1233-6-ND,0.58,0.27693,,20.0,Active
2026-10-04,2026-09-28,digikey,SN74AHCT125PWR,Texas Instruments,296-1108-6-ND,0.43,0.19431,,20.0,Active
2026-10-04,2026-09-28,digikey,SN74LV1T34DBVR,Texas Instruments,296-37176-6-ND,0.34,0.15283,,12.0,Active
2026-10-04,2026-09-28,digikey,MSP430G2553IPW20R,Texas Instruments,296-28430-6-ND,3.24,1.82328,1258,26.0,Active
2026-10-04,2026-09-28,digikey,MSP430FR2433IRGER,Texas Instruments,296-47810-1-ND,2.31,1.18798,10209,20.0,Active
2026-10-04,2026-09-28,digikey,LT3045EDD#PBF,Analog Devices Inc.,505-LT3045EDD#PBF-ND,10.0,6.13279,,20.0,Active
2026-10-04,2026-09-28,digikey,LT1763CS8-3.3#PBF,Analog Devices Inc.,505-LT1763CS8-3.3#PBF-ND,8.57,5.10494,16839,21.0,Active
2026-10-04,2026-09-28,digikey,LT8610EMSE#PBF,Analog Devices Inc.,505-LT8610EMSE#PBF-ND,12.34,7.72411,1975,24.0,Active
2026-10-04,2026-09-28,digikey,LT3080EDD#PBF,Analog Devices Inc.,505-LT3080EDD#PBF-ND,7.03,4.19334,1772,20.0,Active
2026-10-04,2026-09-28,digikey,LTC4412ES6#TRMPBF,Analog Devices Inc.,505-LTC4412ES6#TRMPBFTR-ND,5.18,2.96086,27005,17.0,Active
2026-10-04,2026-09-28,digikey,LTC2990CMS#PBF,Analog Devices Inc.,505-LTC2990CMS#PBF-ND,8.25,4.89707,,20.0,Active
2026-10-04,2026-09-28,digikey,LTM4644EY#PBF,Analog Devices Inc.,505-LTM4644EY#PBF-ND,58.48,51.78982,3697,50.0,Active
2026-10-04,2026-09-28,digikey,ADP150AUJZ-3.3-R7,Analog Devices Inc.,505-ADP150AUJZ-3.3-R7DKR-ND,1.39,0.7191,65599,10.0,Active
2026-10-04,2026-09-28,digikey,MAX17043G+T,Analog Devices Inc./Maxim Integrated,,,,,13.0,Discontinued at DigiKey
2026-10-04,2026-09-28,digikey,MAX1555EZK+T,Analog Devices Inc./Maxim Integrated,MAX1555EZK+TDKR-ND,3.69,2.1573,4919,10.0,Active
2026-10-04,2026-09-28,digikey,AD8605ARTZ-REEL7,Analog Devices Inc.,505-AD8605ARTZ-REEL7DKR-ND,3.33,1.9278,44602,17.0,Active
2026-10-04,2026-09-28,digikey,AD8628ARTZ-REEL7,Analog Devices Inc.,505-AD8628ARTZ-REEL7DKR-ND,4.24,2.5245,324,16.0,Active
2026-10-04,2026-09-28,digikey,AD620ARZ,Analog Devices Inc.,505-AD620ARZ-ND,14.9,9.41595,,21.0,Active
2026-10-04,2026-09-28,digikey,AD8221ARZ,Analog Devices Inc.,505-AD8221ARZ-ND,9.96,6.11095,,22.0,Active
2026-10-04,2026-09-28,digikey,AD8672ARMZ,Analog Devices Inc.,505-AD8672ARMZ-ND,7.38,4.3418,,21.0,Active
2026-10-04,2026-09-28,digikey,AD8065ARTZ-REEL7,Analog Devices Inc.,505-AD8065ARTZ-REEL7DKR-ND,6.45,4.02392,,51.0,Active
2026-10-04,2026-09-28,digikey,OP07CSZ,Analog Devices Inc.,505-OP07CSZ-ND,2.35,1.28134,2171,30.0,Not For New Designs
2026-10-04,2026-09-28,digikey,ADA4528-1ARMZ,Analog Devices Inc.,505-ADA4528-1ARMZ-ND,4.61,2.61018,603,11.0,Active
2026-10-04,2026-09-28,digikey,LT1013DS8#PBF,Analog Devices Inc.,505-LT1013DS8#PBF-ND,9.06,5.42343,,19.0,Active
2026-10-04,2026-09-28,digikey,LT1490ACS8#PBF,Analog Devices Inc.,LT1490ACS8#PBF-ND,7.2,4.23059,,17.0,Active
2026-10-04,2026-09-28,digikey,ADR435ARMZ,Analog Devices Inc.,505-ADR435ARMZ-ND,11.27,6.85935,,47.0,Active
2026-10-04,2026-09-28,digikey,ADR4525BRZ,Analog Devices Inc.,505-ADR4525BRZ-ND,11.86,7.36949,,33.0,Active
2026-10-04,2026-09-28,digikey,ADR4550BRZ,Analog Devices Inc.,505-ADR4550BRZ-ND,11.86,7.36949,200,30.0,Active
2026-10-04,2026-09-28,digikey,LTC6655BHMS8-2.5#PBF,Analog Devices Inc.,505-LTC6655BHMS8-2.5#PBF-ND,19.04,12.30516,,21.0,Active
2026-10-04,2026-09-28,digikey,AD7124-8BCPZ,Analog Devices Inc.,505-AD7124-8BCPZ-ND,17.73,11.38927,,11.0,Active
2026-10-04,2026-09-28,digikey,AD7606BSTZ,Analog Devices Inc.,505-AD7606BSTZ-ND,51.36,36.68506,,20.0,Active
2026-10-04,2026-09-28,digikey,AD5545BRUZ,Analog Devices Inc.,505-AD5545BRUZ-ND,35.8,24.54271,,45.0,Active
2026-10-04,2026-09-28,digikey,AD9833BRMZ,Analog Devices Inc.,505-AD9833BRMZ-ND,16.41,10.49838,2027,18.0,Active
2026-10-04,2026-09-28,digikey,AD7793BRUZ,Analog Devices Inc.,505-AD7793BRUZ-ND,19.92,12.85776,1757,13.0,Active
2026-10-04,2026-09-28,digikey,LTC2400CS8#PBF,Analog Devices Inc.,505-LTC2400CS8#PBF-ND,21.64,14.10684,1015,10.0,Active
2026-10-04,2026-09-28,digikey,LTC2440CGN#PBF,Analog Devices Inc.,505-LTC2440CGN#PBF-ND,20.76,13.49756,232,10.0,Active
2026-10-04,2026-09-28,digikey,MAX6675ISA+T,Analog Devices Inc./Maxim Integrated,MAX6675ISA+TDKR-ND,24.78,17.6715,2819,11.0,Active
2026-10-04,2026-09-28,digikey,MAX31855KASA+T,Analog Devices Inc./Maxim Integrated,MAX31855KASA+TDKR-ND,11.9,7.91008,4055,23.0,Active
2026-10-04,2026-09-28,digikey,MAX3232ECAE+T,Analog Devices Inc./Maxim Integrated,MAX3232ECAE+TDKR-ND,12.63,8.4456,3787,11.0,Active
2026-10-04,2026-09-28,digikey,MAX485ESA+T,Analog Devices Inc./Maxim Integrated,MAX485ESA+TDKR-ND,7.35,4.6512,9641,10.0,Active
2026-10-04,2026-09-28,digikey,MAX3485ESA+T,Analog Devices Inc./Maxim Integrated,MAX3485ESA+TDKR-ND,8.5,5.46208,8646,10.0,Active
2026-10-04,2026-09-28,digikey,ADM3485EARZ,Analog Devices Inc.,505-ADM3485EARZ-ND,4.17,2.39248,4164,20.0,Active
2026-10-04,2026-09-28,digikey,DS3231SN#T&R,Analog Devices Inc./Maxim Integrated,DS3231SN#T&RTR-ND,16.69,10.44871,7856,23.0,Active
2026-10-04,2026-09-28,digikey,ADUM1201ARZ,Analog Devices Inc.,505-ADUM1201ARZ-ND,4.82,2.79274,,34.0,Active
2026-10-04,2026-09-28,digikey,ADUM1201BRZ,Analog Devices Inc.,505-ADUM1201BRZ-ND,5.54,3.24844,1617,52.0,Active
2026-10-04,2026-09-28,digikey,ADUM3160BRWZ,Analog Devices Inc.,505-ADUM3160BRWZ-ND,11.73,7.31855,,43.0,Active
2026-10-04,2026-09-28,digikey,ADUM4160BRWZ,Analog Devices Inc.,505-ADUM4160BRWZ-ND,16.72,10.6953,2286,43.0,Active
2026-10-04,2026-09-28,digikey,ADUM1250ARZ,Analog Devices Inc.,505-ADUM1250ARZ-ND,8.22,4.97345,,26.0,Active
2026-10-04,2026-09-28,digikey,ADM3053BRWZ,Analog Devices Inc.,505-ADM3053BRWZ-ND,17.36,11.13927,178,52.0,Active
2026-10-04,2026-09-28,digikey,ADM2587EBRWZ,Analog Devices Inc.,505-ADM2587EBRWZ-ND,17.36,11.13927,10490,52.0,Active
2026-10-04,2026-09-28,digikey,ADXL345BCCZ,Analog Devices Inc.,505-ADXL345BCCZ-ND,8.01,5.64291,4489,22.0,Active
2026-10-04,2026-09-28,digikey,ADXL335BCPZ,Analog Devices Inc.,505-ADXL335BCPZ-ND,8.88,6.29689,,52.0,Active
2026-10-04,2026-09-28,digikey,DS18B20+,Analog Devices Inc./Maxim Integrated,DS18B20+-ND,7.35,5.19538,2072,24.0,Active
2026-10-04,2026-09-28,digikey,MCP1700T-3302E/TT,Microchip Technology,MCP1700T3302ETTDKR-ND,0.51,0.3978,,20.0,Active
2026-10-04,2026-09-28,digikey,MCP1702T-3302E/CB,Microchip Technology,MCP1702T-3302E/CBDKR-ND,0.65,0.5355,27684,24.0,Active
2026-10-04,2026-09-28,digikey,MCP73831T-2ACI/OT,Microchip Technology,MCP73831T-2ACI/OTDKR-ND,0.76,0.7496,36675,20.0,Active
2026-10-04,2026-09-28,digikey,MIC5219-3.3YM5-TR,Microchip Technology,576-1281-6-ND,1.19,0.9792,,32.0,Active
2026-10-04,2026-09-28,digikey,MIC29302WU-TR,Microchip Technology,576-1125-6-ND,2.89,2.18,,34.0,Active
2026-10-04,2026-09-28,digikey,MCP1640T-I/CHY,Microchip Technology,MCP1640T-I/CHYDKR-ND,0.77,0.6424,19381,28.0,Active
2026-10-04,2026-09-28,digikey,MCP16301T-I/CHY,Microchip Technology,MCP16301T-I/CHYDKR-ND,1.36,1.1476,29354,51.0,Active
2026-10-04,2026-09-28,digikey,MCP6001T-I/OT,Microchip Technology,MCP6001T-I/OTDKR-ND,0.3,0.26,359402,4.0,Active
2026-10-04,2026-09-28,digikey,MCP6002T-I/SN,Microchip Technology,MCP6002T-I/SNDKR-ND,0.42,0.3366,1842,7.0,Active
2026-10-04,2026-09-28,digikey,MCP6004T-I/SL,Microchip Technology,MCP6004T-I/SLDKR-ND,0.53,0.4592,17004,4.0,Active
2026-10-04,2026-09-28,digikey,MCP3008-I/P,Microchip Technology,MCP3008-I/P-ND,3.12,2.38,1476,9.0,Active
2026-10-04,2026-09-28,digikey,MCP3208-CI/SL,Microchip Technology,MCP3208-CI/SL-ND,2.78,2.11,8563,23.0,Active
2026-10-04,2026-09-28,digikey,MCP4725A0T-E/CH,Microchip Technology,MCP4725A0T-E/CHDKR-ND,1.27,1.0712,33542,12.0,Active
2026-10-04,2026-09-28,digikey,MCP4921-E/SN,Microchip Technology,MCP4921-E/SN-ND,2.62,1.97,3907,4.0,Active
2026-10-04,2026-09-28,digikey,MCP3421A0T-E/CH,Microchip Technology,MCP3421A0T-E/CHDKR-ND,3.11,2.6164,20859,27.0,Active
2026-10-04,2026-09-28,digikey,MCP2551-I/SN,Microchip Technology,MCP2551-I/SN-ND,1.1125,1.1125,,6.0,Obsolete
2026-10-04,2026-09-28,digikey,MCP2562-E/SN,Microchip Technology,MCP2562-E/SN-ND,1.21,0.91,7399,51.0,Active
2026-10-04,2026-09-28,digikey,MCP2515-I/SO,Microchip Technology,MCP2515-I/SO-ND,2.44,1.85,5487,31.0,Active
2026-10-04,2026-09-28,digikey,MCP23017-E/SP,Microchip Technology,MCP23017-E/SP-ND,1.69,1.28,8830,4.0,Active
2026-10-04,2026-09-28,digikey,LAN8720A-CP-TR,Microchip Technology,LAN8720A-CP-DKR-ND,1.03,1.0096,35643,16.0,Active
2026-10-04,2026-09-28,digikey,KSZ8081RNACA-TR,Microchip Technology,576-4173-2-ND,1.04,0.8375,11932,26.0,Active
2026-10-04,2026-09-28,digikey,MCP9700AT-E/TT,Microchip Technology,MCP9700AT-E/TTDKR-ND,0.48,0.36,97296,4.0,Active
2026-10-04,2026-09-28,digikey,MCP9808-E/MS,Microchip Technology,MCP9808-E/MS-ND,1.4,1.05,6421,5.0,Active
2026-10-04,2026-09-28,digikey,ATMEGA328P-AU,Microchip Technology,ATMEGA328P-AU-ND,2.66,2.2,27264,19.0,Active
2026-10-04,2026-09-28,digikey,ATSAMD21G18A-AU,Microchip Technology,ATSAMD21G18A-AU-ND,4.16,3.43,2307,7.0,Active
2026-10-04,2026-09-28,digikey,TJA1051T/3/1J,NXP USA Inc.,568-13277-6-ND,1.74,0.93116,7597,10.0,Active
2026-10-04,2026-09-28,digikey,"PCA9685PW,118",NXP USA Inc.,568-11925-6-ND,4.55,2.55801,6981,27.0,Active
2026-10-04,2026-09-28,digikey,"PCF8574T/3,518",NXP USA Inc.,568-1077-6-ND,1.87,1.87,,99.0,Obsolete
2026-10-04,2026-09-28,digikey,"PCA9555PW,118",NXP USA Inc.,568-1058-6-ND,2.47,1.37822,4936,30.0,Active
2026-10-04,2026-09-28,digikey,"PCA9548APW,118",NXP USA Inc.,568-10297-6-ND,1.43,0.74643,20966,30.0,Active
2026-10-04,2026-09-28,digikey,PCF85063ATT/AJ,NXP USA Inc.,568-12404-6-ND,0.95,0.46449,,27.0,Active
2026-10-04,2026-09-28,digikey,LPC1768FBD100K,NXP USA Inc.,568-LPC1768FBD100K-ND,17.96,11.58889,6632,39.0,Active
2026-10-04,2026-09-28,digikey,MK64FN1M0VLL12,NXP USA Inc.,MK64FN1M0VLL12-ND,24.28,15.98713,970,13.0,Active
2026-10-04,2026-09-28,digikey,MIMXRT1062DVL6B,NXP USA Inc.,568-MIMXRT1062DVL6B-ND,13.04,8.09831,,39.0,Active
2026-10-04,2026-09-28,digikey,LPC55S69JBD100K,NXP USA Inc.,568-15313-ND,11.43,7.14598,763,39.0,Active
2026-10-04,2026-09-28,digikey,NCP1117ST33T3G,onsemi,NCP1117ST33T3GOSDKR-ND,0.65,0.30696,24744,9.0,Active
2026-10-04,2026-09-28,digikey,MC33063ADR2G,onsemi,MC33063ADR2GOSDKR-ND,0.87,0.42427,9930,20.0,Active
2026-10-04,2026-09-28,digikey,NCP1529ASNT1G,onsemi,NCP1529ASNT1GOSDKR-ND,1.66,0.47373,,34.0,Obsolete
2026-10-04,2026-09-28,digikey,MC78L05ACDR2G,onsemi,MC78L05ACDR2GOSDKR-ND,0.28,0.12393,34715,9.0,Active
2026-10-04,2026-09-28,digikey,LM393DR2G,onsemi,LM393DR2GOSDKR-ND,0.18,0.07618,86135,13.0,Active
2026-10-04,2026-09-28,digikey,LM358DR2G,onsemi,LM358DR2GOSDKR-ND,0.26,0.11269,36731,13.0,Active
2026-10-04,2026-09-28,digikey,BSS138LT1G,onsemi,BSS138LT1GOSDKR-ND,0.37,0.1043,166628,52.0,Active
2026-10-04,2026-09-28,digikey,2N7002LT1G,onsemi,2N7002LT1GOSDKR-ND,0.26,0.07178,911034,52.0,Active
2026-10-04,2026-09-28,digikey,MMBT3904LT1G,onsemi,MMBT3904LT1GOSDKR-ND,0.14,0.03329,1268076,59.0,Active
2026-10-04,2026-09-28,digikey,MBRS340T3G,onsemi,MBRS340T3GOSDKR-ND,1.02,0.3173,171220,25.0,Active
2026-10-04,2026-09-28,digikey,FDN340P,"Shenzhen Slkormicro Semicon Co., Ltd.",5399-FDN340PDKR-ND,0.19,0.05252,,4.0,Active
2026-10-04,2026-09-28,digikey,LD1117S33TR,STMicroelectronics,497-1242-6-ND,0.4,0.18081,21758,30.0,Active
2026-10-04,2026-09-28,digikey,LDL1117S33R,STMicroelectronics,497-17239-6-ND,0.41,0.1855,72400,30.0,Active
2026-10-04,2026-09-28,digikey,L7805CV,STMicroelectronics,497-1443-5-ND,1.08,0.5455,88539,30.0,Active
2026-10-04,2026-09-28,digikey,LM317D2T-TR,STMicroelectronics,497-1571-2-ND,1.19,0.59806,15640,30.0,Active
2026-10-04,2026-09-28,digikey,VIPER22ASTR-E,STMicroelectronics,497-8167-6-ND,1.35,0.69692,4846,99.0,Active
2026-10-04,2026-09-28,digikey,LM358DT,STMicroelectronics,497-1591-6-ND,0.21,0.08976,99946,30.0,Active
2026-10-04,2026-09-28,digikey,LM2903DT,STMicroelectronics,497-1559-6-ND,0.24,0.10404,39341,30.0,Active
2026-10-04,2026-09-28,digikey,TSV912IST,STMicroelectronics,497-5771-6-ND,1.31,0.67484,7690,30.0,Active
2026-10-04,2026-09-28,digikey,TSZ121ILT,STMicroelectronics,497-13510-6-ND,0.98,0.48825,9053,30.0,Active
2026-10-04,2026-09-28,digikey,USBLC6-2SC6,STMicroelectronics,497-5235-6-ND,0.54,0.15662,147782,25.0,Active
2026-10-04,2026-09-28,digikey,LIS3DHTR,STMicroelectronics,497-10613-6-ND,1.94,1.24175,,24.0,Active
2026-10-04,2026-09-28,digikey,LSM6DSOXTR,STMicroelectronics,497-18367-6-ND,5.3,3.5686,,24.0,Active
2026-10-04,2026-09-28,digikey,STM32F103C8T6,STMicroelectronics,497-6063-ND,7.77,4.66912,7572,40.0,Active
2026-10-04,2026-09-28,digikey,STM32F407VGT6,STMicroelectronics,497-11605-ND,14.64,9.25362,1320,52.0,Active
2026-10-04,2026-09-28,digikey,STM32G431CBU6,STMicroelectronics,497-19475-ND,6.08,3.5754,,52.0,Active
2026-10-04,2026-09-28,digikey,STM32L432KCU6,STMicroelectronics,497-16578-ND,5.75,3.37542,,52.0,Active
2026-10-04,2026-09-28,digikey,IRLML6344TRPBF,Infineon Technologies,IRLML6344TRPBFDKR-ND,0.47,0.13752,,30.0,Active
2026-10-04,2026-09-28,digikey,IRLML2502TRPBF,Infineon Technologies,IRLML2502TRPBFCT-ND,0.56,0.56,,38.0,Obsolete
2026-10-04,2026-09-28,digikey,IRF540NPBF,Infineon Technologies,IRF540NPBF-ND,1.54,0.50438,,38.0,Active
2026-10-04,2026-09-28,digikey,IRLZ44NPBF,Infineon Technologies,IRLZ44NPBF-ND,1.8,0.6023,43047,26.0,Active
2026-10-04,2026-09-28,digikey,IRFZ44NPBF,Infineon Technologies,IRFZ44NPBF-ND,1.44,0.46614,6321,32.0,Active
2026-10-04,2026-09-28,digikey,IRF7341TRPBF,Infineon Technologies,IRF7341PBFDKR-ND,1.22,0.38958,,52.0,Active
2026-10-04,2026-09-28,digikey,IR2104STRPBF,Infineon Technologies,IR2104SPBFDKR-ND,1.55,0.81687,8673,39.0,Active
2026-10-04,2026-09-28,digikey,IR2110STRPBF,Infineon Technologies,IR2110SPBFDKR-ND,3.44,1.99818,11126,39.0,Active
2026-10-04,2026-09-28,digikey,IRS2092STRPBF,Infineon Technologies,IRS2092STRPBFCT-ND,2.01,1.05558,1711,26.0,Active
2026-10-04,2026-09-28,digikey,CY8C4245AXI-483,Infineon Technologies,CY8C4245AXI-483-ND,5.34,3.0972,1969,10.0,Active
2026-10-04,2026-09-28,digikey,TPS54331DR,Texas Instruments,296-26991-2-ND,1.62,0.80824,14731,12.0,Active
2026-10-04,2026-09-28,digikey,TPS5430DDAR,Texas Instruments,296-26988-2-ND,4.46,2.44478,0,20.0,Active
2026-10-04,2026-09-28,digikey,TPS62130RGTR,Texas Instruments,296-37682-2-ND,1.99,1.00483,0,20.0,Active
2026-10-04,2026-09-28,digikey,TPS563200DDCR,Texas Instruments,296-43663-2-ND,1.09,0.5189,5517,20.0,Active
2026-10-04,2026-09-28,digikey,TPS54202DDCR,Texas Instruments,296-TPS54202DDCRTR-ND,1.44,0.70541,0,20.0,Active
2026-10-04,2026-09-28,digikey,TPS61023DRLR,Texas Instruments,296-TPS61023DRLRTR-ND,1.11,0.5245,17997,20.0,Active
2026-10-04,2026-09-28,digikey,TPS7A4700RGWR,Texas Instruments,296-39503-2-ND,5.95,3.33138,0,20.0,Active
2026-10-04,2026-09-28,digikey,TLV1117-33IDCYR,Texas Instruments,296-21113-2-ND,0.46,0.20088,16606,20.0,Active
2026-10-04,2026-09-28,digikey,LM317DCYR,Texas Instruments,296-12602-2-ND,0.84,0.38924,20764,20.0,Active
2026-10-04,2026-09-28,digikey,TLV70033DDCR,Texas Instruments,296-27937-2-ND,0.25,0.10027,8290,20.0,Active
2026-10-04,2026-09-28,digikey,TPS73733DCQR,Texas Instruments,296-22681-2-ND,1.82,0.91314,14607,20.0,Active
2026-10-04,2026-09-28,digikey,LM2596S-5.0/NOPB,Texas Instruments,LM2596S-5.0/NOPB-ND,7.83,4.73224,5736,20.0,Active
2026-10-04,2026-09-28,digikey,TPS2113APWR,Texas Instruments,296-16938-2-ND,2.96,1.57072,2000,12.0,Active
2026-10-04,2026-09-28,digikey,LM5164DDAR,Texas Instruments,296-LM5164DDARTR-ND,4.19,2.28005,0,20.0,Active
2026-10-04,2026-09-28,digikey,TPS22918DBVR,Texas Instruments,296-46278-2-ND,0.59,0.25993,8166,20.0,Active
2026-10-04,2026-09-28,digikey,LM74700QDBVRQ1,Texas Instruments,296-LM74700QDBVRQ1TR-ND,2.12,1.07557,0,20.0,Active
2026-10-04,2026-09-28,digikey,UCC28C43DR,Texas Instruments,296-27164-2-ND,1.2,0.579,0,20.0,Active
2026-10-04,2026-09-28,digikey,TL431AIDBZR,Texas Instruments,296-17329-2-ND,0.29,0.11806,38,12.0,Active
2026-10-04,2026-09-28,digikey,REF3030AIDBZR,Texas Instruments,296-26323-2-ND,1.29,0.62437,21502,20.0,Active
2026-10-04,2026-09-28,digikey,REF5025AIDR,Texas Instruments,296-39165-2-ND,4.38,2.24708,812,20.0,Active
2026-10-04,2026-09-28,digikey,LM358DR,Texas Instruments,296-LM358DRTR-ND,0.27,0.11062,98948,20.0,Active
2026-10-04,2026-09-28,digikey,LM2904DR,Texas Instruments,296-LM2904DRTR-ND,0.26,0.10879,36641,20.0,Active
2026-10-04,2026-09-28,digikey,TLV9062IDR,Texas Instruments,296-47857-2-ND,1.1,0.5253,7840,20.0,Active
2026-10-04,2026-09-28,digikey,OPA2333AIDR,Texas Instruments,296-26249-2-ND,3.45,1.84798,0,20.0,Active
2026-10-04,2026-09-28,digikey,OPA333AIDBVR,Texas Instruments,296-26269-2-ND,2.6,1.34804,3416,20.0,Active
2026-10-04,2026-09-28,digikey,OPA376AIDBVR,Texas Instruments,296-39130-2-ND,2.03,1.02704,0,20.0,Active
2026-10-04,2026-09-28,digikey,TLV9001IDCKR,Texas Instruments,296-TLV9001IDCKRDKR-ND,0.4,0.18246,278,12.0,Active
2026-10-04,2026-09-28,digikey,LMV321IDBVR,Texas Instruments,296-9567-2-ND,0.4,0.16894,35891,20.0,Active
2026-10-04,2026-09-28,digikey,INA219AIDCNR,Texas Instruments,296-23770-2-ND,2.25,1.14305,44586,20.0,Active
2026-10-04,2026-09-28,digikey,INA226AIDGSR,Texas Instruments,296-29034-2-ND,2.82,1.47098,75089,20.0,Active
2026-10-04,2026-09-28,digikey,INA240A1PWR,Texas Instruments,296-45088-2-ND,3.33,1.78885,0,20.0,Active
2026-10-04,2026-09-28,digikey,LM393DR,Texas Instruments,296-1015-2-ND,0.23,0.09251,7189,20.0,Active
2026-10-04,2026-09-28,digikey,LM339DR,Texas Instruments,296-1013-2-ND,0.27,0.11174,0,20.0,Active
2026-10-04,2026-09-28,digikey,TLV3201AIDBVR,Texas Instruments,296-36750-2-ND,1.41,0.69003,0,20.0,Active
2026-10-04,2026-09-28,digikey,NE555DR,Texas Instruments,296-6501-2-ND,0.33,0.14089,202677,20.0,Active
2026-10-04,2026-09-28,digikey,ADS1115IDGSR,Texas Instruments,296-38849-2-ND,5.28,2.93512,40199,20.0,Active
2026-10-04,2026-09-28,digikey,ADS1015IDGSR,Texas Instruments,296-41185-2-ND,3.27,1.7391,6107,12.0,Active
2026-10-04,2026-09-28,digikey,ADS1220IPWR,Texas Instruments,296-39851-2-ND,9.26,5.41068,642,20.0,Active
2026-10-04,2026-09-28,digikey,DAC8551IADGKR,Texas Instruments,296-49164-2-ND,6.77,3.8479,3205,12.0,Active
2026-10-04,2026-09-28,digikey,SN65HVD230DR,Texas Instruments,296-11654-2-ND,2.83,1.48745,0,12.0,Active
2026-10-04,2026-09-28,digikey,SN65HVD3082EDR,Texas Instruments,296-31719-6-ND,1.17,0.59211,2334,20.0,Active
2026-10-04,2026-09-28,digikey,THVD1450DR,Texas Instruments,296-50395-2-ND,2.04,1.04024,0,20.0,Active
2026-10-04,2026-09-28,digikey,MAX3232IDR,Texas Instruments,,,,0,55.0,Obsolete
2026-10-04,2026-09-28,digikey,TXS0108EPWR,Texas Instruments,296-23011-2-ND,1.72,0.8691,62672,20.0,Active
2026-10-04,2026-09-28,digikey,TXB0104PWR,Texas Instruments,296-21929-2-ND,1.17,0.56841,0,20.0,Active
2026-10-04,2026-09-28,digikey,TCA9548APWR,Texas Instruments,296-34905-2-ND,1.49,0.74588,0,20.0,Active
2026-10-04,2026-09-28,digikey,PCA9306DCTR,Texas Instruments,296-18509-2-ND,0.69,0.3143,0,20.0,Active
2026-10-04,2026-09-28,digikey,TPD4E05U06DQAR,Texas Instruments,296-35765-2-ND,0.82,0.19151,340367,12.0,Active
2026-10-04,2026-09-28,digikey,ISO7741DWR,Texas Instruments,296-47781-6-ND,3.56,2.07316,4817,20.0,Active
2026-10-04,2026-09-28,digikey,ISO7721DR,Texas Instruments,296-48296-2-ND,2.23,1.07647,679,20.0,Active
2026-10-04,2026-09-28,digikey,ISO1050DUBR,Texas Instruments,296-24818-2-ND,3.19,1.77529,0,20.0,Active
2026-10-04,2026-09-28,digikey,UCC21520DWR,Texas Instruments,296-47383-2-ND,4.76,2.6403,1066,20.0,Active
2026-10-04,2026-09-28,digikey,UCC27517DBVR,Texas Instruments,296-39527-2-ND,0.98,0.4583,286,20.0,Active
2026-10-04,2026-09-28,digikey,SN74LVC1G08DBVR,Texas Instruments,296-11601-2-ND,0.12,0.04532,169561,20.0,Active
2026-10-04,2026-09-28,digikey,SN74HC595DR,Texas Instruments,296-14857-2-ND,0.61,0.27488,18,20.0,Active
2026-10-04,2026-09-28,digikey,SN74LVC245APWR,Texas Instruments,296-1233-2-ND,0.58,0.26352,0,20.0,Active
2026-10-04,2026-09-28,digikey,SN74AHCT125PWR,Texas Instruments,296-1108-2-ND,0.43,0.18712,0,20.0,Active
2026-10-04,2026-09-28,digikey,SN74LV1T34DBVR,Texas Instruments,296-37176-2-ND,0.34,0.14432,0,12.0,Active
2026-10-04,2026-09-28,digikey,MSP430G2553IPW20R,Texas Instruments,296-28430-6-ND,3.24,1.82328,1258,26.0,Active
2026-10-04,2026-09-28,digikey,MSP430FR2433IRGER,Texas Instruments,296-47810-2-ND,2.31,1.17115,10209,20.0,Active
2026-10-04,2026-09-28,digikey,LT3045EDD#PBF,Analog Devices Inc.,505-LT3045EDD#PBF-ND,10.0,6.13279,0,20.0,Active
2026-10-04,2026-09-28,digikey,LT1763CS8-3.3#PBF,Analog Devices Inc.,505-LT1763CS8-3.3#PBF-ND,8.57,5.10494,16839,21.0,Active
2026-10-04,2026-09-28,digikey,LT8610EMSE#PBF,Analog Devices Inc.,505-LT8610EMSE#PBF-ND,12.34,7.72411,1975,24.0,Active
2026-10-04,2026-09-28,digikey,LT3080EDD#PBF,Analog Devices Inc.,505-LT3080EDD#PBF-ND,7.03,4.19334,1772,20.0,Active
2026-10-04,2026-09-28,digikey,LTC4412ES6#TRMPBF,Analog Devices Inc.,505-LTC4412ES6#TRMPBFTR-ND,5.18,2.96086,27005,17.0,Active
2026-10-04,2026-09-28,digikey,LTC2990CMS#PBF,Analog Devices Inc.,505-LTC2990CMS#PBF-ND,8.25,4.89707,0,20.0,Active
2026-10-04,2026-09-28,digikey,LTM4644EY#PBF,Analog Devices Inc.,505-LTM4644EY#PBF-ND,58.48,51.78982,3697,50.0,Active
2026-10-04,2026-09-28,digikey,ADP150AUJZ-3.3-R7,Analog Devices Inc.,505-ADP150AUJZ-3.3-R7TR-ND,1.39,0.67464,65599,10.0,Active
2026-10-04,2026-09-28,digikey,MAX17043G+T,Analog Devices Inc./Maxim Integrated,,,,0,13.0,Discontinued at DigiKey
2026-10-04,2026-09-28,digikey,MAX1555EZK+T,Analog Devices Inc./Maxim Integrated,MAX1555EZK+TTR-ND,3.69,1.98439,4919,10.0,Active
2026-10-04,2026-09-28,digikey,AD8605ARTZ-REEL7,Analog Devices Inc.,505-AD8605ARTZ-REEL7TR-ND,3.33,1.76793,44602,17.0,Active
2026-10-04,2026-09-28,digikey,AD8628ARTZ-REEL7,Analog Devices Inc.,505-AD8628ARTZ-REEL7TR-ND,4.24,2.30234,324,16.0,Active
2026-10-04,2026-09-28,digikey,AD620ARZ,Analog Devices Inc.,505-AD620ARZ-ND,14.9,9.41595,0,21.0,Active
2026-10-04,2026-09-28,digikey,AD8221ARZ,Analog Devices Inc.,505-AD8221ARZ-ND,9.96,6.11095,0,22.0,Active
2026-10-04,2026-09-28,digikey,AD8672ARMZ,Analog Devices Inc.,505-AD8672ARMZ-ND,7.38,4.3418,0,21.0,Active
2026-10-04,2026-09-28,digikey,AD8065ARTZ-REEL7,Analog Devices Inc.,505-AD8065ARTZ-REEL7TR-ND,6.45,3.637,0,51.0,Active
2026-10-04,2026-09-28,digikey,OP07CSZ,Analog Devices Inc.,505-OP07CSZ-ND,2.35,1.28134,2171,30.0,Not For New Designs
2026-10-04,2026-09-28,digikey,ADA4528-1ARMZ,Analog Devices Inc.,505-ADA4528-1ARMZ-ND,4.61,2.61018,603,11.0,Active
2026-10-04,2026-09-28,digikey,LT1013DS8#PBF,Analog Devices Inc.,505-LT1013DS8#PBF-ND,9.06,5.42343,0,19.0,Active
2026-10-04,2026-09-28,digikey,LT1490ACS8#PBF,Analog Devices Inc.,LT1490ACS8#PBF-ND,7.2,4.23059,0,17.0,Active
2026-10-04,2026-09-28,digikey,ADR435ARMZ,Analog Devices Inc.,505-ADR435ARMZ-ND,11.27,6.85935,0,47.0,Active
2026-10-04,2026-09-28,digikey,ADR4525BRZ,Analog Devices Inc.,505-ADR4525BRZ-ND,11.86,7.36949,0,33.0,Active
2026-10-04,2026-09-28,digikey,ADR4550BRZ,Analog Devices Inc.,505-ADR4550BRZ-ND,11.86,7.36949,200,30.0,Active
2026-10-04,2026-09-28,digikey,LTC6655BHMS8-2.5#PBF,Analog Devices Inc.,505-LTC6655BHMS8-2.5#PBF-ND,19.04,12.30516,0,21.0,Active
2026-10-04,2026-09-28,digikey,AD7124-8BCPZ,Analog Devices Inc.,505-AD7124-8BCPZ-ND,17.73,11.38927,0,11.0,Active
2026-10-04,2026-09-28,digikey,AD7606BSTZ,Analog Devices Inc.,505-AD7606BSTZ-ND,51.36,36.68506,0,20.0,Active
2026-10-04,2026-09-28,digikey,AD5545BRUZ,Analog Devices Inc.,505-AD5545BRUZ-ND,35.8,24.54271,0,45.0,Active
2026-10-04,2026-09-28,digikey,AD9833BRMZ,Analog Devices Inc.,505-AD9833BRMZ-ND,16.41,10.49838,2027,18.0,Active
2026-10-04,2026-09-28,digikey,AD7793BRUZ,Analog Devices Inc.,505-AD7793BRUZ-ND,19.92,12.85776,1757,13.0,Active
2026-10-04,2026-09-28,digikey,LTC2400CS8#PBF,Analog Devices Inc.,505-LTC2400CS8#PBF-ND,21.64,14.10684,1015,10.0,Active
2026-10-04,2026-09-28,digikey,LTC2440CGN#PBF,Analog Devices Inc.,505-LTC2440CGN#PBF-ND,20.76,13.49756,232,10.0,Active
2026-10-04,2026-09-28,digikey,MAX6675ISA+T,Analog Devices Inc./Maxim Integrated,MAX6675ISA+TTR-ND,24.78,15.65244,2819,11.0,Active
2026-10-04,2026-09-28,digikey,MAX31855KASA+T,Analog Devices Inc./Maxim Integrated,MAX31855KASA+TTR-ND,11.9,7.09619,4055,23.0,Active
2026-10-04,2026-09-28,digikey,MAX3232ECAE+T,Analog Devices Inc./Maxim Integrated,MAX3232ECAE+TTR-ND,12.63,7.6091,3787,11.0,Active
2026-10-04,2026-09-28,digikey,MAX485ESA+T,Analog Devices Inc./Maxim Integrated,MAX485ESA+TTR-ND,7.35,4.21253,9641,10.0,Active
2026-10-04,2026-09-28,digikey,MAX3485ESA+T,Analog Devices Inc./Maxim Integrated,MAX3485ESA+TTR-ND,8.5,4.93224,8646,10.0,Active
2026-10-04,2026-09-28,digikey,ADM3485EARZ,Analog Devices Inc.,505-ADM3485EARZ-ND,4.17,2.39248,4164,20.0,Active
2026-10-04,2026-09-28,digikey,DS3231SN#T&R,Analog Devices Inc./Maxim Integrated,DS3231SN#T&RTR-ND,16.69,10.44871,7856,23.0,Active
2026-10-04,2026-09-28,digikey,ADUM1201ARZ,Analog Devices Inc.,505-ADUM1201ARZ-ND,4.82,2.79274,0,34.0,Active
2026-10-04,2026-09-28,digikey,ADUM1201BRZ,Analog Devices Inc.,505-ADUM1201BRZ-ND,5.54,3.24844,1617,52.0,Active
2026-10-04,2026-09-28,digikey,ADUM3160BRWZ,Analog Devices Inc.,505-ADUM3160BRWZ-ND,11.73,7.31855,0,43.0,Active
2026-10-04,2026-09-28,digikey,ADUM4160BRWZ,Analog Devices Inc.,505-ADUM4160BRWZ-ND,16.72,10.6953,2286,43.0,Active
2026-10-04,2026-09-28,digikey,ADUM1250ARZ,Analog Devices Inc.,505-ADUM1250ARZ-ND,8.22,4.97345,0,26.0,Active
2026-10-04,2026-09-28,digikey,ADM3053BRWZ,Analog Devices Inc.,505-ADM3053BRWZ-ND,17.36,11.13927,178,52.0,Active
2026-10-04,2026-09-28,digikey,ADM2587EBRWZ,Analog Devices Inc.,505-ADM2587EBRWZ-ND,17.36,11.13927,10490,52.0,Active
2026-10-04,2026-09-28,digikey,ADXL345BCCZ,Analog Devices Inc.,505-ADXL345BCCZ-ND,8.01,5.64291,4489,22.0,Active
2026-10-04,2026-09-28,digikey,ADXL335BCPZ,Analog Devices Inc.,505-ADXL335BCPZ-ND,8.88,6.29689,0,52.0,Active
2026-10-04,2026-09-28,digikey,DS18B20+,Analog Devices Inc./Maxim Integrated,DS18B20+-ND,7.35,5.19538,2072,24.0,Active
2026-10-04,2026-09-28,digikey,MCP1700T-3302E/TT,Microchip Technology,MCP1700T3302ETTTR-ND,0.51,0.39,0,20.0,Active
2026-10-04,2026-09-28,digikey,MCP1702T-3302E/CB,Microchip Technology,MCP1702T-3302E/CBTR-ND,0.65,0.49,27684,24.0,Active
2026-10-04,2026-09-28,digikey,MCP73831T-2ACI/OT,Microchip Technology,MCP73831T-2ACI/OTTR-ND,0.76,0.6125,36675,20.0,Active
2026-10-04,2026-09-28,digikey,MIC5219-3.3YM5-TR,Microchip Technology,576-1281-2-ND,1.19,0.90001,0,32.0,Active
2026-10-04,2026-09-28,digikey,MIC29302WU-TR,Microchip Technology,576-1125-6-ND,2.89,2.18,0,34.0,Active
2026-10-04,2026-09-28,digikey,MCP1640T-I/CHY,Microchip Technology,MCP1640T-I/CHYTR-ND,0.77,0.59,19381,28.0,Active
2026-10-04,2026-09-28,digikey,MCP16301T-I/CHY,Microchip Technology,MCP16301T-I/CHYTR-ND,1.36,1.02,29354,51.0,Active
2026-10-04,2026-09-28,digikey,MCP6001T-I/OT,Microchip Technology,MCP6001T-I/OTTR-ND,0.3,0.23,359402,4.0,Active
2026-10-04,2026-09-28,digikey,MCP6002T-I/SN,Microchip Technology,MCP6002T-I/SNTR-ND,0.42,0.32,1842,7.0,Active
2026-10-04,2026-09-28,digikey,MCP6004T-I/SL,Microchip Technology,MCP6004T-I/SLTR-ND,0.53,0.4,17004,4.0,Active
2026-10-04,2026-09-28,digikey,MCP3008-I/P,Microchip Technology,MCP3008-I/P-ND,3.12,2.38,1476,9.0,Active
2026-10-04,2026-09-28,digikey,MCP3208-CI/SL,Microchip Technology,MCP3208-CI/SL-ND,2.78,2.11,8563,23.0,Active
2026-10-04,2026-09-28,digikey,MCP4725A0T-E/CH,Microchip Technology,MCP4725A0T-E/CHTR-ND,1.27,0.97,33542,12.0,Active
2026-10-04,2026-09-28,digikey,MCP4921-E/SN,Microchip Technology,MCP4921-E/SN-ND,2.62,1.97,3907,4.0,Active
2026-10-04,2026-09-28,digikey,MCP3421A0T-E/CH,Microchip Technology,MCP3421A0T-E/CHTR-ND,3.11,2.35,20859,27.0,Active
2026-10-04,2026-09-28,digikey,MCP2551-I/SN,Microchip Technology,MCP2551-I/SN-ND,1.1125,1.1125,0,6.0,Obsolete
2026-10-04,2026-09-28,digikey,MCP2562-E/SN,Microchip Technology,MCP2562-E/SN-ND,1.21,0.91,7399,51.0,Active
2026-10-04,2026-09-28,digikey,MCP2515-I/SO,Microchip Technology,MCP2515-I/SO-ND,2.44,1.85,5487,31.0,Active
2026-10-04,2026-09-28,digikey,MCP23017-E/SP,Microchip Technology,MCP23017-E/SP-ND,1.69,1.28,8830,4.0,Active
2026-10-04,2026-09-28,digikey,LAN8720A-CP-TR,Microchip Technology,LAN8720A-CP-TR-ND,1.03,0.825,35643,16.0,Active
2026-10-04,2026-09-28,digikey,KSZ8081RNACA-TR,Microchip Technology,576-4173-2-ND,1.04,0.8375,11932,26.0,Active
2026-10-04,2026-09-28,digikey,MCP9700AT-E/TT,Microchip Technology,MCP9700AT-E/TTDKR-ND,0.48,0.36,97296,4.0,Active
2026-10-04,2026-09-28,digikey,MCP9808-E/MS,Microchip Technology,MCP9808-E/MS-ND,1.4,1.05,6421,5.0,Active
2026-10-04,2026-09-28,digikey,ATMEGA328P-AU,Microchip Technology,ATMEGA328P-AU-ND,2.66,2.2,27264,19.0,Active
2026-10-04,2026-09-28,digikey,ATSAMD21G18A-AU,Microchip Technology,ATSAMD21G18A-AU-ND,4.16,3.43,2307,7.0,Active
2026-10-04,2026-09-28,digikey,TJA1051T/3/1J,NXP USA Inc.,568-13277-2-ND,1.74,0.89046,7597,10.0,Active
2026-10-04,2026-09-28,digikey,"PCA9685PW,118",NXP USA Inc.,568-11925-2-ND,4.55,2.53338,6981,27.0,Active
2026-10-04,2026-09-28,digikey,"PCF8574T/3,518",NXP USA Inc.,568-1077-6-ND,1.87,1.87,0,99.0,Obsolete
2026-10-04,2026-09-28,digikey,"PCA9555PW,118",NXP USA Inc.,568-1058-2-ND,2.47,1.30548,4936,30.0,Active
2026-10-04,2026-09-28,digikey,"PCA9548APW,118",NXP USA Inc.,568-10297-2-ND,1.43,0.71785,20966,30.0,Active
2026-10-04,2026-09-28,digikey,PCF85063ATT/AJ,NXP USA Inc.,568-12404-2-ND,0.95,0.44602,0,27.0,Active
2026-10-04,2026-09-28,digikey,LPC1768FBD100K,NXP USA Inc.,568-LPC1768FBD100K-ND,17.96,11.58889,6632,39.0,Active
2026-10-04,2026-09-28,digikey,MK64FN1M0VLL12,NXP USA Inc.,MK64FN1M0VLL12-ND,24.28,15.98713,970,13.0,Active
2026-10-04,2026-09-28,digikey,MIMXRT1062DVL6B,NXP USA Inc.,568-MIMXRT1062DVL6B-ND,13.04,8.09831,0,39.0,Active
2026-10-04,2026-09-28,digikey,LPC55S69JBD100K,NXP USA Inc.,568-15313-ND,11.43,7.14598,763,39.0,Active
2026-10-04,2026-09-28,digikey,NCP1117ST33T3G,onsemi,NCP1117ST33T3GOSTR-ND,0.65,0.28839,24744,9.0,Active
2026-10-04,2026-09-28,digikey,MC33063ADR2G,onsemi,MC33063ADR2GOSTR-ND,0.87,0.40651,9930,20.0,Active
2026-10-04,2026-09-28,digikey,NCP1529ASNT1G,onsemi,NCP1529ASNT1GOSTR-ND,1.66,0.4194,0,34.0,Obsolete
2026-10-04,2026-09-28,digikey,MC78L05ACDR2G,onsemi,MC78L05ACDR2GOSTR-ND,0.28,0.11779,34715,9.0,Active
2026-10-04,2026-09-28,digikey,LM393DR2G,onsemi,LM393DR2GOSTR-ND,0.18,0.07209,86135,13.0,Active
2026-10-04,2026-09-28,digikey,LM358DR2G,onsemi,LM358DR2GOSTR-ND,0.26,0.10702,36731,13.0,Active
2026-10-04,2026-09-28,digikey,BSS138LT1G,onsemi,BSS138LT1GOSTR-ND,0.37,0.06607,166628,52.0,Active
2026-10-04,2026-09-28,digikey,2N7002LT1G,onsemi,2N7002LT1GOSTR-ND,0.26,0.04759,911034,52.0,Active
2026-10-04,2026-09-28,digikey,MMBT3904LT1G,onsemi,MMBT3904LT1GOSTR-ND,0.14,0.0272,1268076,59.0,Active
2026-10-04,2026-09-28,digikey,MBRS340T3G,onsemi,MBRS340T3GOSTR-ND,1.02,0.25324,171220,25.0,Active
2026-10-04,2026-09-28,digikey,FDN340P,onsemi,FDN340PTR-ND,0.68,0.15384,0,67.0,Active
2026-10-04,2026-09-28,digikey,LD1117S33TR,STMicroelectronics,497-1242-2-ND,0.4,0.1724,21758,30.0,Active
2026-10-04,2026-09-28,digikey,LDL1117S33R,STMicroelectronics,497-17239-2-ND,0.41,0.17691,72400,30.0,Active
2026-10-04,2026-09-28,digikey,L7805CV,STMicroelectronics,497-1443-5-ND,1.08,0.5455,88539,30.0,Active
2026-10-04,2026-09-28,digikey,LM317D2T-TR,STMicroelectronics,497-1571-2-ND,1.19,0.59806,15640,30.0,Active
2026-10-04,2026-09-28,digikey,VIPER22ASTR-E,STMicroelectronics,497-8167-2-ND,1.35,0.65866,4846,99.0,Active
2026-10-04,2026-09-28,digikey,LM358DT,STMicroelectronics,497-1591-2-ND,0.21,0.08508,99946,30.0,Active
2026-10-04,2026-09-28,digikey,LM2903DT,STMicroelectronics,497-1559-2-ND,0.24,0.09874,39341,30.0,Active
2026-10-04,2026-09-28,digikey,TSV912IST,STMicroelectronics,497-5771-2-ND,1.31,0.62793,7690,30.0,Active
2026-10-04,2026-09-28,digikey,TSZ121ILT,STMicroelectronics,497-13510-2-ND,0.98,0.46271,9053,30.0,Active
2026-10-04,2026-09-28,digikey,USBLC6-2SC6,STMicroelectronics,497-5235-2-ND,0.54,0.11831,147782,25.0,Active
2026-10-04,2026-09-28,digikey,LIS3DHTR,STMicroelectronics,497-10613-2-ND,1.94,1.16135,0,24.0,Active
2026-10-04,2026-09-28,digikey,LSM6DSOXTR,STMicroelectronics,497-18367-2-ND,5.3,3.33949,0,24.0,Active
2026-10-04,2026-09-28,digikey,STM32F103C8T6,STMicroelectronics,497-6063-ND,7.77,4.66912,7572,40.0,Active
2026-10-04,2026-09-28,digikey,STM32F407VGT6,STMicroelectronics,497-11605-ND,14.64,9.25362,1320,52.0,Active
2026-10-04,2026-09-28,digikey,STM32G431CBU6,STMicroelectronics,497-19475-ND,6.08,3.5754,0,52.0,Active
2026-10-04,2026-09-28,digikey,STM32L432KCU6,STMicroelectronics,497-16578-ND,5.75,3.37542,0,52.0,Active
2026-10-04,2026-09-28,digikey,IRLML6344TRPBF,Infineon Technologies,IRLML6344TRPBFTR-ND,0.47,0.10333,0,30.0,Active
2026-10-04,2026-09-28,digikey,IRLML2502TRPBF,Infineon Technologies,IRLML2502TRPBFTR-ND,0.56,0.11374,0,38.0,Obsolete
2026-10-04,2026-09-28,digikey,IRF540NPBF,Infineon Technologies,IRF540NPBF-ND,1.54,0.50438,0,38.0,Active
2026-10-04,2026-09-28,digikey,IRLZ44NPBF,Infineon Technologies,IRLZ44NPBF-ND,1.8,0.6023,43047,26.0,Active
2026-10-04,2026-09-28,digikey,IRFZ44NPBF,Infineon Technologies,IRFZ44NPBF-ND,1.44,0.46614,6321,32.0,Active
2026-10-04,2026-09-28,digikey,IRF7341TRPBF,Infineon Technologies,IRF7341PBFTR-ND,1.22,0.30501,0,52.0,Active
2026-10-04,2026-09-28,digikey,IR2104STRPBF,Infineon Technologies,IR2104SPBFTR-ND,1.55,0.76883,8673,39.0,Active
2026-10-04,2026-09-28,digikey,IR2110STRPBF,Infineon Technologies,IR2110SPBFDKR-ND,3.44,1.99818,11126,39.0,Active
2026-10-04,2026-09-28,digikey,IRS2092STRPBF,Infineon Technologies,IRS2092STRPBFTR-ND,2.01,1.01933,1711,26.0,Active
2026-10-04,2026-09-28,digikey,CY8C4245AXI-483,Infineon Technologies,CY8C4245AXI-483-ND,5.34,3.0972,1969,10.0,Active
